Freq kHz;"Mode";"Ident";"Notes";"Extension";"Type";PB low;PB high;Offset;"DOW";Begin;End
12.09;"CWN";"Alpha F4 RUS";"navigation system";;"T1";;;;;;
12.65;"CWN";"Alpha F2 RUS";"navigation system";;"T1";;;;;;
14.88;"CWN";"Alpha F3/p RUS";"navigation system";;"T1";;;;;;
15.25;"LSB";"Alpha";"wideband reception";;"T2";;;;;;
16.3;"CW";"VTX1 IND";"MSK";;"T1";;;;;;
16.4;"CW";"JXN NOR";"MSK";;"T1";;;;;;
17;"CW";"VTX2 IND";"MSK";;"T1";;;;;;
17.2;"CWN";"SAQ SWE";"Grimeton alternator, twice yearly transmissions, see: alexander.n.se/?lang=en";;"T1";;;;;;
18.1;"CWN";"RDL RUS";"FSK";;"T1";;;;;;
18.2;"CWN";"VTX3 IND";"MSK";;"T1";;;;;;
18.3;"CW";"HWU FR";"MSK";;"T1";;;;;;
18.9;"CWN";"RDL RUS";"FSK";;"T1";;;;;;
19.2;"CWN";"VTX4 IND";"MSK";;"T1";;;;;;
19.55;"CW";"GQD? GBR";"FSK";;"T1";;;;;;
19.8;"CW";"NWC AUS";"MSK";;"T1";;;;;;
20.27;"CWN";"ICV ITA";"MSK";;"T1";;;;;;
20.5;"CWN";"3SA/3SB? CHN";"FSK";;"T1";;;;;;
20.9;"CW";"HWU FR";"MSK";;"T1";;;;;;
21.1;"CWN";"RDL RUS";"FSK";;"T1";;;;;;
21.4;"CW";"NPM HI";"MSK";;"T1";;;;;;
21.5;"CWN";"? FSK";;;"T1";;;;;;
21.75;"CW";"HWU FR";"MSK";;"T1";;;;;;
22.1;"CWN";"GBZ GBR";"Skelton, FSK";;"T1";;;;;;
22.2;"CW";"NDT/JJI JPN";"MSK";;"T1";;;;;;
22.6;"CW";"HWU FR";"MSK";;"T1";;;;;;
23.4;"CW";"DHO38 GER";"MSK";;"T1";;;;;;
24;"CW";"NAA MA";"MSK";;"T1";;;;;;
24.1;"CWN";"KOR";"50bd/50Hz 9/1/2 FSK, per David L. Wilson";;"T1";;;;;;
24.5;"CWN";"CHN?";"FSK";;"T1";;;;;;
24.8;"CW";"NLK WA";"MSK";;"T1";;;;;;
25;"CWN";"KOR";"FSK, per David L. Wilson";;"T1";;;;;;
25;"CWN";"RAB99 RUS";"Beta time signal, ID @xx:06:00";;"T1";;;;;;
25.2;"CW";"NLM4 ND";"MSK";;"T1";;;;;;
26;"CWN";"Negev ISR";"FSK";;"T1";;;;;;
26.7;"CWN";"TBB TUR";"FSK";;"T1";;;;;;
27.3;"CWN";"RDL RUS";"FSK, keyed-FSK ID";;"T1";;;;;;
28;"CW";"3SB/3SQ? CHN";"MSK";;"T1";;;;;;
29.7;"CWN";"Negev ISR";"FSK";;"T1";;;;;;
31.5;"CWN";"? FSK";;;"T1";;;;;;
37.5;"CWN";"TFK ISL";;;"T1";;;;;;
38;"CWN";"SRC/SHR SWE";"FSK";;"T1";;;;;;
40;"CWN";"JJY JPN";"ID @ xx:15&45:40, time signal";;"T1";;;;;;
40.4;"CWN";"SRC SWE";;;"T1";;;;;;
40.75;"CW";"NAU PR";"MSK";;"T1";;;;;;
42.5;"CWN";"SRC SWE";;;"T1";;;;;;
44.2;"CW";"? ex-SRC";"FSK, SWE";;"T1";;;;;;
45.9;"CW";"NSY ITA";"MSK";;"T1";;;;;;
49;"CWN";"SXA GRC";;;"T1";;;;;;
51.95;"CWN";"GIY20/GNY1/GYW1 GBR";"FSK";;"T1";;;;;;
54;"CW";"NDI JPN";"MSK";;"T1";;;;;;
57.4;"CWN";"NRK ISL";"FSK";;"T1";;;;;;
60;"CWN";"JJY JPN";"ID @ xx:15&45:40, time signal";;"T1";;;;;;
60;"CWN";"WWVB";"no ID, reversed bit pattern, time signal";;"T1";;;;;;
60;"CWN";"MSF GBR";"time signal";;"T1";;;;;;
61.83;"CWN";"? FSK";"UNID";;"T1";;;;;;
62.6;"CW";"FUG FRA";"MSK";;"T1";;;;;;
63.85;"CW";"FTA63 FRA";"FSK";;"T1";;;;;;
65.8;"CW";"FUE FRA";"MSK";;"T1";;;;;;
66.35;"CW";"RBU RUS";"time signal";;"T1";;;;;;
68;"CWN";"GYN/GYN1 GBR";;;"T1";;;;;;
68.5;"CWN";"BPC CHN";"off 2100-2400Z, time signal";;"T1";;;;;;
73.6;"CW";"CFH CAN";"Halifax, MSK";;"T1";;;;;;
76.2;"CWN";"CKN CAN";"Vancouver, MSK";;"T1";;;;;;
77.5;"CWN";"DCF77 GER";"time signal";;"T1";;;;;;
81;"CWN";"GYN2 GBR";;;"T1";;;;;;
100;"AM";"Loran-C";"navigation system";;"T1";;;;;;
124;"CW";"CKN CAN";"Vancouver, MSK";;"T1";;;;;;
124.5;"CW";"SXJ GRC";"FSK";;"T1";;;;;;
128;"USB";"DCF49 GER";"telecontrol";;"T1";;;;;;
134.5;"USB";"HGA22 HNG";"telecontrol";;"T1";;;;;;
135.73;"CW";"SXV GRC";"FSK";;"T1";;;;;;
136;"USB";"WSPR";;;"T2";;;;;;
137.9;"USB";"DCF39 GER";"telecontrol";;"T1";;;;;;
147.3;"CWN";"DDH47 GER";"FSK";;"T1";;;;;;
153;"AMN";"LW 153";;;"T2";;;;;;
162;"AMN";"LW 162";;;"T2";;;;;;
171;"AMN";"LW 171";;;"T2";;;;;;
180;"AMN";"LW 180";;;"T2";;;;;;
183;"AMN";"LW 183";;;"T2";;;;;;
198;"AMN";"LW 198";;;"T2";;;;;;
207;"AMN";"LW 207";;;"T2";;;;;;
216;"AMN";"LW 216";;;"T2";;;;;;
225;"AMN";"LW 225";;;"T2";;;;;;
234;"AMN";"LW 234";;;"T2";;;;;;
243;"AMN";"LW 243";;;"T2";;;;;;
252;"AMN";"LW 252";;;"T2";;;;;;
270;"AMN";"LW 270";;;"T2";;;;;;
279;"AMN";"LW 279";;;"T2";;;;;;
474.2;"USB";"WSPR";;;"T2";;;;;;
540;"AMN";"Radio Kuwait";;;;;;;;;
558;"AMN";"Radio Iran";;;;;;;;;
846;"AMN";"UAQ Quran";;;;;;;;;
1225;"AM";"*";;;;;;;;;
1242.26;"AM";"*";;;;;;;;;
1836.6;"USB";"WSPR";;;"T2";;;;;;
1838.15;"USB";"PSK31";;;"T2";;;;;;
2500;"AM";"WWVH / WWV";"time signals";;"T1";;;;;;
2595.2;"USB";"STANAG";"loud, 12AM";;"T1";;;;;;
2627;"USB";"FAX VMC AUS";"11PM";;"T1";;;;;;
2730.5;"USB";"STANAG";"10PM";;"T1";;;;;;
3330;"USB";"CHU CAN";"time signal";;"T1";;;;;;
3365;"AM";"R. Cultura, BRA";"7AM";;"T1";;;;;;
3392;"CWN";"CW";"11PM";;"T1";;;;;;
3394;"CW";"SITOR";"11PM";;"T1";;;;;;
3407;"USB";"VOLMET";"12AM";;"T1";;;;;;
3438.5;"USB";"FSK";"1AM";;"T1";;;;;;
3467;"USB";"MWARA SP";"Major World Air Route Areas, South Pacific";;"T1";;;;;;
3576;"USB";"JT65";;;"T2";;;;;;
3580.15;"USB";"PSK31";;;"T2";;;;;;
3584.5;"USB";"FAX JPN?";"1AM";;"T1";;;;;;
3592.6;"USB";"WSPR";;;"T2";;;;;;
3594;"CWN";"marker beacons";"watchlist";;"T1";;;;;;
3621.5;"USB";"JMH JPN";"FAX, 1AM";;"T1";;;;;;
3696;"USB";"FSK";"non-ham, 1AM";;"T1";;;;;;
3756.63;"CWN";"The Pip";"5AM";;"T1";;;;;;
3810;"LSB";"HD2IOA";"watchlist, time signal, 0000-1200Z";;"T1";;;;;;
3829.18;"CWN";"Squeaky Wheel L";"5AM";;"T1";;;;;;
3830.45;"CWN";"Squeaky Wheel H";"5AM";;"T1";;;;;;
3945;"AM";"R. Vanuatu";"0700-2000Z";;"T1";;;;;;
4077;"USB";"STANAG 4197";"4-tone + burst, 12AM";;"T1";;;;;;
4137.6;"USB";"STANAG 4197";"4-tone + burst, 12AM";;"T1";;;;;;
4149.5;"CW";"CW";"12AM";;"T1";;;;;;
4153;"USB";"slot machine JPN";"12AM";;"T1";;;;;;
4155.1;"USB";"STANAG";"intermittent, 6AM";;"T1";;;;;;
4158;"CW";"SITOR";"12AM";;"T1";;;;;;
4161;"USB";"SITOR";"7PM";;"T1";;;;;;
4165;"USB";"STANAG";"10AM";;"T1";;;;;;
4177;"USB";"FSK";"6PM RY testing +/- freq";;"T1";;;;;;
4198;"CWN";"CW";"12AM";;"T1";;;;;;
4200;"USB";"FSK";"5AM";;"T1";;;;;;
4202.5;"CW";"FSK";"loud, 6AM";;"T1";;;;;;
4206;"USB";"intermittent FSK";"loud, 6PM";;"T1";;;;;;
4209.5;"CW";"SITOR";"11PM";;"T1";;;;;;
4212;"CW";"XSQ CHN";"12AM";;"T1";;;;;;
4213;"CW";"WLO USA";"11PM";;"T1";;;;;;
4215;"CW";"XSG CHN";"12AM";;"T1";;;;;;
4218.5;"CW";"XSG CHN";"12AM";;"T1";;;;;;
4225;"USB";"STANAG";"1AM";;"T1";;;;;;
4231.5;"USB";"FSK";"8PM";;"T1";;;;;;
4231.5;"USB";"slot machine JPN";"1AM";;"T1";;;;;;
4243;"CWN";"?CW";"12AM";;"T1";;;;;;
4248.7;"USB";"MS-188-110 AUS";"24/7";;"T1";;;;;;
4267;"USB";"CIS-12 RUS";"12AM";;"T1";;;;;;
4271.3;"USB";"STANAG 4285";"930PM";;"T1";;;;;;
4281;"USB";"STANAG";"12AM";;"T1";;;;;;
4284.5;"USB";"STANAG";"4AM";;"T1";;;;;;
4287.5;"USB";"FSK";"10PM";;"T1";;;;;;
4291;"USB";"slot machine JPN";"12AM";;"T1";;;;;;
4294.5;"USB";"8-chan FSK JPN";"1AM, 6AM";;"T1";;;;;;
4297;"USB";"FAX NOJ USA";"12AM";;"T1";;;;;;
4302;"USB";"STANAG 4529";"4AM";;"T1";;;;;;
4305.35;"CW";"FSK";"4AM";;"T1";;;;;;
4317.5;"USB";"STANAG";"very weak, 1AM";;"T1";;;;;;
4325.9;"CWN";"R marker";"RUS, watchlist";;"T1";;;;;;
4345;"USB";"FAX NMC";"12AM";;"T1";;;;;;
4397;"CW";"CW";"12AM";;"T1";;;;;;
4460;"USB";"CODAR";"weak, 1AM";;"T1";;;;;;
4465;"USB";"FSK";"6AM";;"T1";;;;;;
4480;"CW";"FSK";"6AM";;"T1";;;;;;
4483;"USB";"ship-to-ship comm";"4PM";;"T1";;;;;;
4498.6;"USB";"CIS-12 RUS";"idling carriers, 12AM";;"T1";;;;;;
4532;"CW";"RIS9 CW";"12AM";;"T1";;;;;;
4549;"USB";"FSK";"6AM";;"T1";;;;;;
4558;"CWN";"marker beacons";"watchlist";;"T1";;;;;;
4588.85;"USB";"STANAG 4285";"930PM";;"T1";;;;;;
4602;"CW";"FSK";"7AM";;"T1";;;;;;
4614;"CW";"FSK";"7AM";;"T1";;;;;;
4625;"AMN";"The Buzzer";"very weak, 6AM";;"T1";;;;;;
4626;"USB";"FSK";"7PM";;"T1";;;;;;
4666;"USB";"MWARA CWP";"Major World Air Route Areas, Central West Pacific, 1AM";;"T1";;;;;;
4672;"USB";"HFDL";"SF USA GS-01, 1AM";;"T1";;;;;;
4678.4;"CWN";"CW";"7PM";;"T1";;;;;;
4700.3;"USB";"STANAG";"11PM";;"T1";;;;;;
4725;"USB";"FSK";"7AM";;"T1";;;;;;
4775;"USB";"CODAR";"weak, 1AM";;"T1";;;;;;
4810.5;"USB";"STANAG";"9PM";;"T1";;;;;;
4845;"USB";"LINK-11";"7PM";;"T1";;;;;;
4855;"CW";"CW";"11PM";;"T1";;;;;;
4860;"USB";"OTHR";"50kHz wide, slow, 2AM";;"T1";;;;;;
4866.9;"CW";"CW";"1AM";;"T1";;;;;;
4903.5;"USB";"FSK";"1AM";;"T1";;;;;;
4984;"USB";"FSK";"9PM";;"T1";;;;;;
4996;"CWN";"RWM RUS";"time signal, 6AM";;"T1";;;;;;
5000;"AM";"WWVH / WWV";"time signals";;"T1";;;;;;
5000;"AM";"BPM";"time signal";;"T1";;;;;;
5082;"USB";"FAX";"1AM";;"T1";;;;;;
5084.3;"USB";"PACTOR";"11PM";;"T1";;;;;;
5099;"USB";"FAX VMC AUS";"8AM";;"T1";;;;;;
5104;"CW";"FSK";"6AM";;"T1";;;;;;
5112;"USB";"FSK?";"10PM";;"T1";;;;;;
5118;"CW";"FSK";"1AM";;"T1";;;;;;
5125;"USB";"OTHR";"1AM";;"T1";;;;;;
5152;"CW";"FSK";"6AM";;"T1";;;;;;
5153.8;"CWN";"P marker";"Kaliningrad RUS, 6AM";;"T1";;;;;;
5154;"CWN";"C marker";"Moscow RUS, 6AM";;"T1";;;;;;
5154.2;"CWN";"F marker";"Vladivostok RUS, 6AM, 10PM";;"T1";;;;;;
5154.4;"CWN";"M marker";"Magadan RUS, 6AM, 10PM";;"T1";;;;;;
5154.5;"LSB";"LINK-11";"11PM";;"T1";;;;;;
5156.8;"CWN";"L marker";"RUS, 5AM";;"T1";;;;;;
5170;"USB";"Computer voice, Asian";"6AM";;"T1";;;;;;
5174.5;"USB";"FSK";"6AM";;"T1";;;;;;
5177;"CW";"FSK";"6AM";;"T1";;;;;;
5183.25;"USB";"STANAG";"8PM";;"T1";;;;;;
5220;"USB";"OTHR";"slow, 2AM";;"T1";;;;;;
5234;"CW";"FSK";"7PM";;"T1";;;;;;
5253.5;"USB";"FSK";"1AM";;"T1";;;;;;
5260;"USB";"OTHR";"slower than the other early-morning OTHRs, 10PM";;"T1";;;;;;
5269;"CW";"FSK";"6AM";;"T1";;;;;;
5287.2;"USB";"WSPR";;;"T2";;;;;;
5292.73;"CWN";"D/B marker";"RUS, watchlist";;"T1";;;;;;
5302.5;"USB";"FSK";"10PM";;"T1";;;;;;
5315;"USB";"OTHR";"1AM";;"T1";;;;;;
5317;"CW";"FSK";"6AM";;"T1";;;;;;
5330.5;"USB";"FSK";"10PM";;"T1";;;;;;
5338.5;"USB";"FSK";"10PM";;"T1";;;;;;
5370;"CWN";"CW";"5AM";;"T1";;;;;;
5376;"CW";"CW";"7AM";;"T1";;;;;;
5380;"USB";"OTHR";"slow, 2AM";;"T1";;;;;;
5383;"USB";"strange digital";"10PM";;"T1";;;;;;
5392.3;"USB";"CIS-12 RUS";"10PM";;"T1";;;;;;
5450;"USB";"OTHR";"med, 2AM";;"T1";;;;;;
5465.9;"CWN";"R marker";"RUS, watchlist";;"T1";;;;;;
5496.8;"USB";"8-chan FSK JPN";"10PM";;"T1";;;;;;
5500;"CWN";"CW";"10PM";;"T1";;;;;;
5508;"USB";"HFDL";"10PM";;"T1";;;;;;
5514;"USB";"HFDL";"1AM";;"T1";;;;;;
5549;"USB";"FSK";"7AM";;"T1";;;;;;
5555.5;"USB";"FSK";"7AM";;"T1";;;;;;
5556;"CW";"CW";"12AM";;"T1";;;;;;
5557;"USB";"STANAG 4197";"4-tone + burst, 12AM";;"T1";;;;;;
5566;"CW";"CW";"12AM";;"T1";;;;;;
5574;"USB";"MWARA CEP-1";"Major World Air Route Areas, SF USA";;"T1";;;;;;
5583;"USB";"HFDL";;;"T1";;;;;;
5588;"CWN";"2SLC CHN";"10PM";;"T1";;;;;;
5643;"USB";"MWARA SP";"Major World Air Route Areas, South Pacific";;"T1";;;;;;
5648.5;"USB";"FSK";"11PM";;"T1";;;;;;
5652;"USB";"HFDL";"NY USA GS-04, 11PM";;"T1";;;;;;
5656;"CWN";"CW";"10PM";;"T1";;;;;;
5691;"USB";"FSK";"1AM";;"T1";;;;;;
5705.15;"CW";"chirpy CW";"7AM";;"T1";;;;;;
5717.3;"USB";"CIS-12 RUS";"idling carriers, 1AM";;"T1";;;;;;
5737;"CW";"FSK";"7AM";;"T1";;;;;;
5740;"USB";"OTHR";"1AM";;"T1";;;;;;
5750;"CWN";"CW";"weak, 1AM";;"T1";;;;;;
5754;"USB";"FAX";"1AM";;"T1";;;;;;
5759;"CW";"CW";"1AM";;"T1";;;;;;
5770;"USB";"OTHR";"slower than the other early-morning OTHRs, 6AM";;"T1";;;;;;
5776;"CW";"FSK";"1AM";;"T1";;;;;;
5790;"USB";"OTHR";"med, 2AM";;"T1";;;;;;
5813;"CW";"CW";"1AM";;"T1";;;;;;
5828.5;"USB";"STANAG-like";"2AM";;"T1";;;;;;
5837;"CWN";"CW";"10PM";;"T1";;;;;;
5840;"USB";"OTHR";"med, 2AM";;"T1";;;;;;
5844.3;"USB";"CIS-12 RUS";"1AM";;"T1";;;;;;
5852;"CWN";"CW";"weak, 1AM";;"T1";;;;;;
5869;"USB";"STANAG 4529";"6AM";;"T1";;;;;;
5872.4;"CW";"FSK";"6AM";;"T1";;;;;;
5894.5;"USB";"CIS-12 RUS";"12AM";;"T1";;;;;;
5906;"CW";"FSK";"12AM";;"T1";;;;;;
6078.5;"USB";"?strange digital";"7PM";;"T1";;;;;;
6085.5;"USB";"FSK";"1AM";;"T1";;;;;;
6208.5;"USB";"FSK";"10PM";;"T1";;;;;;
6220;"CW";"CW";"1AM";;"T1";;;;;;
6222;"CW";"CW";"2AM";;"T1";;;;;;
6230;"USB";"VMC AUS";"marine weather, 2AM";;"T1";;;;;;
6234;"USB";"SITOR";"2AM";;"T1";;;;;;
6243;"USB";"FSK";"6AM";;"T1";;;;;;
6250;"USB";"slot machine JPN";;;"T1";;;;;;
6257.8;"USB";"STANAG";"10PM";;"T1";;;;;;
6312;"CW";"SITOR";"intermittent, 10PM";;"T1";;;;;;
6316;"CW";"XSQ CHN";"10PM";;"T1";;;;;;
6317;"CW";"WLO USA";"10PM";;"T1";;;;;;
6325.5;"CW";"SITOR";"eventually gives cw id, 8PM";;"T1";;;;;;
6326;"CW";"XSG CHN";"10PM";;"T1";;;;;;
6337;"CW";"FSK";"1AM";;"T1";;;;;;
6339;"USB";"FAX";"10PM";;"T1";;;;;;
6348;"LSB";"FUE FRA";"STANAG 4285, along side BC station, 10PM";;"T1";;;;;;
6352.5;"CW";"WHL PACTOR";"7PM";;"T1";;;;;;
6357;"USB";"FSK";"10PM";;"T1";;;;;;
6366;"USB";"FSK";"6PM";;"T1";;;;;;
6368.5;"CW";"HEB? PACTOR";"6PM";;"T1";;;;;;
6385.1;"USB";"STANAG";"10PM";;"T1";;;;;;
6392.5;"USB";"8-chan FSK JPN";"10PM";;"T1";;;;;;
6399;"USB";"STANAG";"7PM";;"T1";;;;;;
6403.5;"USB";"STANAG";"10PM";;"T1";;;;;;
6413;"USB";"FAX";"10PM";;"T1";;;;;;
6417;"USB";"slot machine JPN";;;"T1";;;;;;
6419;"USB";"FSK";"2AM";;"T1";;;;;;
6423.5;"USB";"CFH CAN";"STANAG 4285, 10PM";;"T1";;;;;;
6430.3;"USB";"FSK";"5PM";;"T1";;;;;;
6434.5;"USB";"MS-188-110 AUS";"10PM";;"T1";;;;;;
6440;"USB";"STANAG-like";"narrow, 10PM";;"T1";;;;;;
6440.5;"CWN";"CW ident";"periodic, 10PM";;"T1";;;;;;
6443.35;"CW";"FSK";"10PM";;"T1";;;;;;
6445;"USB";"slot machine JPN";;;"T1";;;;;;
6456.5;"USB";"STANAG 4285";"6PM";;"T1";;;;;;
6462.3;"USB";"STANAG 4285";"10PM";;"T1";;;;;;
6470;"USB";"OTHR";"med, 2AM";;"T1";;;;;;
6478.5;"USB";"?wide-digital";"6PM";;"T1";;;;;;
6484.75;"USB";"CIS-12 RUS";"11PM";;"T1";;;;;;
6485.5;"USB";"FSK";"10PM";;"T1";;;;;;
6491.8;"USB";"STANAG?";"weak, 6PM";;"T1";;;;;;
6495;"CW";"CW";"10PM";;"T1";;;;;;
6501;"USB";"USCG";"marine weather, 10PM";;"T1";;;;;;
6507;"USB";"VMC AUS";"marine weather, 11PM";;"T1";;;;;;
6535;"USB";"HFDL";"2AM";;"T1";;;;;;
6559;"USB";"HFDL";"HI or SF, 10PM";;"T1";;;;;;
6565;"USB";"Flight Watch AUS";"11PM";;"T1";;;;;;
6565;"USB";"HFDL";"HI USA GS-02, 2AM";;"T1";;;;;;
6580;"CWN";"CW";"10PM";;"T1";;;;;;
6589;"USB";"HFDL";"10PM";;"T1";;;;;;
6607;"CWN";"CW";"8AM";;"T1";;;;;;
6628;"USB";"MWARA NAT-A/E";"Major World Air Route Areas, 7PM";;"T1";;;;;;
6652;"USB";"HFDL";"6AM";;"T1";;;;;;
6655;"USB";"MWARA";"Major World Air Route Areas, several locations, 2AM";;"T1";;;;;;
6661;"USB";"FSK";"10PM";;"T1";;;;;;
6661;"USB";"HFDL";"NY USA GS-04, 10PM";;"T1";;;;;;
6662.5;"USB";"defective 4-chan FSK";"freq wanders, 6AM";;"T1";;;;;;
6673;"USB";"MWARA";"Major World Air Route Areas, many locations, 2AM";;"T1";;;;;;
6676;"USB";"VOLMET Sydney";"H+00/H+30";;"T1";;;;;;
6679;"USB";"VOLMET";"2AM";;"T1";;;;;;
6686.5;"USB";"LINK-11";"10PM";;"T1";;;;;;
6724;"USB";"FSK";"10PM";;"T1";;;;;;
6765;"USB";"Bangkok Meteo";"with interval jingle, 6AM";;"T1";;;;;;
6781.5;"USB";"STANAG?";"weak, 6PM";;"T1";;;;;;
6789;"CW";"FSK";"9PM";;"T1";;;;;;
6793;"CWN";"RIS9 CHN";"9PM";;"T1";;;;;;
6793.5;"USB";"FSK";"12AM";;"T1";;;;;;
6799;"USB";"FSK";"10PM";;"T1";;;;;;
6801;"USB";"FSK";"7AM";;"T1";;;;;;
6805;"USB";"OTHR";"med, 2AM";;"T1";;;;;;
6812;"CW";"FSK";"8PM";;"T1";;;;;;
6813;"CW";"FSK";"8PM";;"T1";;;;;;
6826;"CWN";"CW";"4-char groups, 10PM";;"T1";;;;;;
6840;"CWN";"NYZ CW";"622AM";;"T1";;;;;;
6842.9;"USB";"STANAG 4285";;;"T1";;;;;;
6848.3;"USB";"CIS-12 RUS";"6AM";;"T1";;;;;;
6851.75;"CW";"FSK";"6AM";;"T1";;;;;;
6859;"USB";"FSK";"6AM";;"T1";;;;;;
6862;"CW";"FSK";"8PM";;"T1";;;;;;
6870;"USB";"OTHR";"fast, 11PM";;"T1";;;;;;
6875;"CW";"CW";"10PM";;"T1";;;;;;
6876;"CW";"FSK";"10PM";;"T1";;;;;;
6878.5;"USB";"FSK";"11PM";;"T1";;;;;;
6884;"USB";"STANAG 4197";"4-tone + burst, 10PM";;"T1";;;;;;
6903;"CWN";"CW";"6AM";;"T1";;;;;;
6904;"CW";"FSK";"8PM";;"T1";;;;;;
6907.5;"USB";"?wide-digital";"7PM";;"T1";;;;;;
6925;"USB";"OTHR";"10PM";;"T1";;;;;;
6928;"CWN";"V marker";"RUS, 5AM";;"T1";;;;;;
6933;"CW";"CW";"10PM";;"T1";;;;;;
6935.9;"USB";"STANAG?";"weak, 6PM";;"T1";;;;;;
6940.5;"USB";"FSK";"5PM";;"T1";;;;;;
6946;"USB";"FSK";"7PM";;"T1";;;;;;
6968;"CWN";"CW";"6PM";;"T1";;;;;;
6969;"USB";"CIS-12 RUS";"9PM";;"T1";;;;;;
6978;"USB";"OTHR";"fast, 11PM";;"T1";;;;;;
6991;"USB";"FSK";"9PM";;"T1";;;;;;
6994;"USB";"STANAG";"10PM";;"T1";;;;;;
7027.5;"CWN";"V marker";"RUS";;"T1";;;;;;
7035.15;"USB";"PSK31 (R1/3)";;;"T2";;;;;;
7038.6;"USB";"WSPR";;;"T2";;;;;;
7039.3;"CWN";"K marker";"Petropavlovsk-Kamchatsky RUS, 11PM";;"T1";;;;;;
7039.4;"CWN";"M marker";"Magadan RUS, 1AM";;"T1";;;;;;
7063;"USB";"CIS-12 RUS";"1AM";;"T1";;;;;;
7076;"USB";"JT65";;;"T2";;;;;;
7080.15;"USB";"PSK31 (R2)";;;"T2";;;;;;
7432;"USB";"FAX";"10PM";;"T1";;;;;;
7454;"USB";"FSK";"8PM";;"T1";;;;;;
7462.25;"USB";"STANAG";"8PM";;"T1";;;;;;
7476;"USB";"FSK";"5PM";;"T1";;;;;;
7508.7;"CWN";"D marker";"Sevastopol RUS, 7AM";;"T1";;;;;;
7508.9;"CWN";"S marker";"Severomorsk RUS, trace, 12AM";;"T1";;;;;;
7509.2;"CWN";"F marker";"Vladivostok RUS, 6AM";;"T1";;;;;;
7534;"USB";"FAX";"10PM";;"T1";;;;;;
7546.7;"USB";"STANAG";"9AM";;"T1";;;;;;
7554.02;"CWN";"CW";"10PM";;"T1";;;;;;
7554.9;"USB";"FUG FRA";"STANAG 4285, 6PM";;"T1";;;;;;
7583.3;"USB";"CIS-12 RUS";"6AM";;"T1";;;;;;
7591;"USB";"FSK";"11PM";;"T1";;;;;;
7596;"USB";"FSK";;;"T1";;;;;;
7600;"LSB";"HD2IOA";"watchlist, time signal, 1200-1300Z";;"T1";;;;;;
7609;"USB";"FSK";"9PM";;"T1";;;;;;
7633;"USB";"FSK";"6AM";;"T1";;;;;;
7662;"USB";"FSK";"7PM";;"T1";;;;;;
7682.35;"USB";"FSK";"10PM";;"T1";;;;;;
7699.3;"USB";"?CIS-12 RUS";"9PM";;"T1";;;;;;
7794;"USB";"FAX";"10PM";;"T1";;;;;;
7829;"USB";"FSK";"7PM";;"T1";;;;;;
7850;"USB";"CHU CAN";"time signal";;"T1";;;;;;
7878;"CW";"FSK";"4AM";;"T1";;;;;;
7879;"USB";"FAX";"6PM";;"T1";;;;;;
7895;"USB";"FSK";"10PM";;"T1";;;;;;
7930;"USB";"LINK-11";"6PM";;"T1";;;;;;
7945;"USB";"CODAR";"6AM";;"T1";;;;;;
7984.3;"USB";"CIS-12 RUS";"6AM";;"T1";;;;;;
7990.1;"CW";"FSK";"6PM";;"T1";;;;;;
8003;"CW";"FSK";"4AM";;"T1";;;;;;
8007;"USB";"FSK";"6AM";;"T1";;;;;;
8008.5;"USB";"4-chan FSK? JPN?";"7PM";;"T1";;;;;;
8018.4;"USB";"CIS-12 RUS";"9PM";;"T1";;;;;;
8060;"CW";"RIS9 CHN";"10PM";;"T1";;;;;;
8073;"USB";"FSK";"11PM";;"T1";;;;;;
8077;"USB";"CW/FSK";"10PM";;"T1";;;;;;
8092;"USB";"FSK";"4AM";;"T1";;;;;;
8096;"CWN";"CW";"6AM";;"T1";;;;;;
8098.5;"USB";"STANAG?";"weak, 6PM";;"T1";;;;;;
8110;"CW";"CW";"1130PM";;"T1";;;;;;
8113;"USB";"VMW AUS";"marine weather, weak, 10PM";;"T1";;;;;;
8123.5;"USB";"STANAG";"weak, 6PM";;"T1";;;;;;
8135;"USB";"FSK";"6PM";;"T1";;;;;;
8144;"USB";"STANAG";;;"T1";;;;;;
8156.5;"USB";"STANAG 4285";"6PM";;"T1";;;;;;
8159.05;"CWN";"4XZ ISR";"Israel navy, 7PM";;"T1";;;;;;
8176;"USB";"VMC AUS";"marine weather, 8PM";;"T1";;;;;;
8183.5;"CW";"KKL28 WA/USA";"PACTOR, 6PM";;"T1";;;;;;
8223.5;"USB";"?wide-digital";"6PM";;"T1";;;;;;
8288;"USB";"SITOR";"6PM";;"T1";;;;;;
8300.7;"USB";"intermittent STANAG?";"loud, 3PM";;"T1";;;;;;
8310;"CW";"SITOR";"10PM";;"T1";;;;;;
8313;"USB";"slot machine JPN";;;"T1";;;;;;
8322;"USB";"LINK-11";"7PM";;"T1";;;;;;
8331.5;"USB";"PACTOR";"5PM";;"T1";;;;;;
8344;"CW";"FSK";"weak, 10PM";;"T1";;;;;;
8345;"CWN";"CW";"6PM";;"T1";;;;;;
8363;"CWN";"CW";"10PM";;"T1";;;;;;
8372;"CW";"CW";"11PM";;"T1";;;;;;
8376.5;"CW";"SITOR";"4AM";;"T1";;;;;;
8379.5;"CW";"SITOR";"9PM";;"T1";;;;;;
8385.5;"USB";"SITOR";"10PM";;"T1";;;;;;
8395;"CW";"SITOR";"9PM";;"T1";;;;;;
8414;"USB";"SITOR";"6PM";;"T1";;;;;;
8416.5;"CW";"?fsk";"10PM";;"T1";;;;;;
8417.4;"CWN";"XSV CHN";"10PM";;"T1";;;;;;
8419.5;"CW";"SITOR";"9PM";;"T1";;;;;;
8421;"CW";"WLO USA";"8PM";;"T1";;;;;;
8424;"CWN";"SVO GRC";"5PM";;"T1";;;;;;
8425.5;"CW";"XSG CHN";;;"T1";;;;;;
8431;"CW";"TAH TUR";"5PM";;"T1";;;;;;
8431;"USB";"FSK";"8AM";;"T1";;;;;;
8433;"CW";"XSG CHN";;;"T1";;;;;;
8434;"CW";"TAH TUR";"8AM";;"T1";;;;;;
8435;"CW";"XSG CHN";;;"T1";;;;;;
8440.5;"USB";"PACTOR";"8PM";;"T1";;;;;;
8446.5;"CW";"HEB CHE";"5PM";;"T1";;;;;;
8453.3;"USB";"FUG8 FRA";"STANAG 4285, 6PM";;"T1";;;;;;
8457;"CWN";"CW";"8PM";;"T1";;;;;;
8458;"USB";"FAX";"11PM";;"T1";;;;;;
8460;"CWN";"CW";"weak, 8PM";;"T1";;;;;;
8463;"USB";"ESP STANAG 4285";"5PM";;"T1";;;;;;
8466;"USB";"FAX";"10PM";;"T1";;;;;;
8469.3;"USB";"STANAG";"6PM";;"T1";;;;;;
8473;"CW";"FSK";"10PM";;"T1";;;;;;
8475.5;"USB";"STANAG";"6PM";;"T1";;;;;;
8478.8;"USB";"FUF Martinique";"STANAG 4285, 11PM";;"T1";;;;;;
8484;"CW";"HLG KOR";;;"T1";;;;;;
8484.8;"USB";"STANAG";"6PM";;"T1";;;;;;
8488.5;"USB";"STANAG";"6PM";;"T1";;;;;;
8492.5;"USB";"STANAG";"6PM";;"T1";;;;;;
8494.8;"CWN";"P marker";"Kaliningrad RUS, 8PM";;"T1";;;;;;
8495.2;"CWN";"F marker";"Vladivostok RUS, weak, 12AM";;"T1";;;;;;
8495.3;"CWN";"K marker";"Petropavlovsk-Kamchatsky RUS, 10PM";;"T1";;;;;;
8497.8;"CWN";"L marker";"RUS";;"T1";;;;;;
8503;"USB";"FAX NMG";"6PM";;"T1";;;;;;
8508;"CW";"FSK";"5PM";;"T1";;;;;;
8517.3;"USB";"STANAG";"6PM";;"T1";;;;;;
8517.5;"USB";"FSK";"6PM";;"T1";;;;;;
8537;"USB";"FSK";;;"T1";;;;;;
8540.3;"USB";"STANAG";"6PM";;"T1";;;;;;
8546;"USB";"FSK";"7AM";;"T1";;;;;;
8548.5;"USB";"FSK";"4AM";;"T1";;;;;;
8551;"USB";"8-chan FSK JPN";"6AM";;"T1";;;;;;
8552.9;"USB";"STANAG 4285 MYS";"11PM";;"T1";;;;;;
8557;"USB";"FSK";"7PM";;"T1";;;;;;
8564;"USB";"FSK";"9PM";;"T1";;;;;;
8565.8;"USB";"FSK";"5PM";;"T1";;;;;;
8588;"USB";"slot machine JPN";;;"T1";;;;;;
8595.5;"USB";"STANAG";"6PM";;"T1";;;;;;
8600;"CW";"?CW";;;"T1";;;;;;
8600.7;"USB";"STANAG 4415?";"5PM";;"T1";;;;;;
8608;"CW";"FSK";"11PM";;"T1";;;;;;
8612;"CW";"SITOR tone";"continuous tone, 11PM";;"T1";;;;;;
8612;"CWN";"CW";"VVV, 11PM";;"T1";;;;;;
8617;"CW";"FSK";"11PM";;"T1";;;;;;
8625.3;"USB";"FUM Tahiti";"STANAG 4285";;"T1";;;;;;
8632.9;"USB";"STANAG";"6PM";;"T1";;;;;;
8636;"CW";"HLW KOR";;;"T1";;;;;;
8646.3;"USB";"STANAG 4285";;;"T1";;;;;;
8653;"USB";"FSK";;;"T1";;;;;;
8655;"CW";"FSK";"10PM";;"T1";;;;;;
8657;"USB";"FAX JPN";;;"T1";;;;;;
8665;"CWN";"XSG CHN";"fast CW, 9PM";;"T1";;;;;;
8675;"USB";"FSK";"6PM";;"T1";;;;;;
8676.8;"USB";"STANAG";"9PM";;"T1";;;;;;
8681;"USB";"FAX NMC";;;"T1";;;;;;
8687.5;"CW";"SITOR WHL";"eventually CW ident, 6PM";;"T1";;;;;;
8693;"USB";"FSK";"10PM";;"T1";;;;;;
8697.7;"USB";"STANAG";"6PM";;"T1";;;;;;
8701.3;"USB";"CTA PRT";"STANAG 4285, 6PM";;"T1";;;;;;
8703.5;"USB";"slot machine JPN";;;"T1";;;;;;
8743;"USB";"Bangkok Meteo";"with interval jingle, 11PM, 7AM";;"T1";;;;;;
8758;"CW";"FSK";"11PM";;"T1";;;;;;
8758.4;"USB";"CIS-12 RUS";"9PM";;"T1";;;;;;
8764;"USB";"USCG weather";;;"T1";;;;;;
8780;"USB";"PSK ISR";"4-tone intro, Israel navy, 6PM";;"T1";;;;;;
8788;"USB";"WX";"6PM";;"T1";;;;;;
8799;"CW";"FSK";"11PM";;"T1";;;;;;
8799.4;"USB";"CIS-12 RUS";"9PM";;"T1";;;;;;
8828;"USB";"VOLMET";"5PM";;"T1";;;;;;
8831;"USB";"MWARA";"11PM";;"T1";;;;;;
8867;"USB";"MWARA SP";"Major World Air Route Areas, South Pacific";;"T1";;;;;;
8891;"USB";"MWARA NAT-D";"Major World Air Route Areas, 6PM";;"T1";;;;;;
8894;"USB";"HFDL";"5PM";;"T1";;;;;;
8912;"USB";"HFDL";"5PM";;"T1";;;;;;
8927;"USB";"HFDL";"5PM";;"T1";;;;;;
8936;"USB";"HFDL";"8PM";;"T1";;;;;;
8942;"USB";"HFDL";"5PM";;"T1";;;;;;
8948;"USB";"HFDL";"5PM";;"T1";;;;;;
8957;"USB";"HFDL";"8PM";;"T1";;;;;;
8977;"USB";"HFDL";"GS-03, 5PM";;"T1";;;;;;
8992;"USB";"HF-GCS";"5PM";;"T1";;;;;;
9006;"USB";"LINK-11";"10PM";;"T1";;;;;;
9023;"USB";"4-polytone";"6PM";;"T1";;;;;;
9025;"USB";"ALE HF-GCS";"5PM";;"T1";;;;;;
9054;"CWN";"CW";"10PM";;"T1";;;;;;
9056;"USB";"STANAG";"6PM";;"T1";;;;;;
9065;"AM";"HM01 CUB";"845PM";;"T1";;;;;;
9073.5;"USB";"FSK";"9PM";;"T1";;;;;;
9074;"CW";"?CW";;;"T1";;;;;;
9084;"USB";"FSK";"5PM";;"T1";;;;;;
9094;"USB";"STANAG";"9PM";;"T1";;;;;;
9098.7;"USB";"STANAG";"5PM";;"T1";;;;;;
9111;"USB";"FSK";"5PM";;"T1";;;;;;
9121.5;"USB";"LINK-11";"6PM";;"T1";;;;;;
9139;"USB";"FSK";"9PM";;"T1";;;;;;
9155;"AM";"HM01 CUB";"10PM";;"T1";;;;;;
9164;"USB";"HLL2 KOR";"FAX";;"T1";;;;;;
9169;"CW";"FSK";"10PM";;"T1";;;;;;
9240;"AM";"HM01 CUB";"9PM";;"T1";;;;;;
9294;"CW";"FSK";"5PM";;"T1";;;;;;
9323;"USB";"E07 numbers";"Sat 0720Z";;"T1";;;;;;
9326;"CW";"?CW";;;"T1";;;;;;
9330;"AM";"HM01 CUB";"9PM";;"T1";;;;;;
9354;"CW";"?CW";;;"T1";;;;;;
9580;"AM";"R. Australia";;;"T1";;;;;;
9780;"USB";"DRM";"5PM";;"T1";;;;;;
9898;"CW";"FSK";"6PM";;"T1";;;;;;
9898.5;"USB";"SuperDARN radar";"8PM";;"T1";;;;;;
9903.5;"USB";"FSK";"4PM";;"T1";;;;;;
9910.9;"USB";"STANAG 4285";"9PM";;"T1";;;;;;
9959;"USB";"FSK";"9PM";;"T1";;;;;;
9981.5;"USB";"FAX KVM70 HI";"6PM";;"T1";;;;;;
9989;"CW";"FSK";"9PM";;"T1";;;;;;
9996;"CWN";"RWM RUS";"time signal, 5PM, 630AM";;"T1";;;;;;
10000;"AM";"WWVH / WWV";"time signals";;"T1";;;;;;
10000;"AM";"BPM";"time signal";;"T1";;;;;;
10024;"USB";"MWARA SAM";"11PM";;"T1";;;;;;
10027;"USB";"HFDL";"6PM";;"T1";;;;;;
10045;"USB";"MWARA";"5PM";;"T1";;;;;;
10051;"USB";"VOLMET NY";"11PM";;"T1";;;;;;
10083.95;"USB";"HFDL";"11PM";;"T1";;;;;;
10086.95;"USB";"HFDL";"12AM";;"T1";;;;;;
10099.8;"USB";"FSK";"5PM";;"T1";;;;;;
10138;"USB";"JT65";;;"T2";;;;;;
10138.7;"USB";"WSPR";;;"T2";;;;;;
10142.15;"USB";"PSK31";;;"T2";;;;;;
10152;"USB";"NAA ME";"FSK";;"T1";;;;;;
10158;"CW";"FSK";"11PM";;"T1";;;;;;
10168;"CW";"M12 CW";"4AM";;"T1";;;;;;
10178.5;"USB";"SuperDARN radar";"1030PM";;"T1";;;;;;
10186.4;"USB";"FUG FRA";"STANAG 4285, 6PM";;"T1";;;;;;
10195.4;"USB";"STANAG";"5PM";;"T1";;;;;;
10198.5;"USB";"SuperDARN radar";"11PM";;"T1";;;;;;
10253.75;"CW";"FSK";"FSK-CW ID, 8PM";;"T1";;;;;;
10285;"USB";"FSK";"8PM";;"T1";;;;;;
10304;"CW";"FSK";"5PM";;"T1";;;;;;
10309;"USB";"FSK";"2AM";;"T1";;;;;;
10318.5;"USB";"FSK";"6PM";;"T1";;;;;;
10333;"CW";"FSK";"weak, 8PM";;"T1";;;;;;
10334;"CW";"FSK";"8PM";;"T1";;;;;;
10345;"AM";"HM01 CUB";"6PM";;"T1";;;;;;
10352.5;"USB";"STANAG";"8PM";;"T1";;;;;;
10362;"CW";"FSK";"11PM";;"T1";;;;;;
10373;"CW";"CW";"11PM";;"T1";;;;;;
10373.5;"USB";"STANAG";"5PM";;"T1";;;;;;
10400;"CW";"FSK";"11PM";;"T1";;;;;;
10405;"USB";"STANAG 4529";"11PM";;"T1";;;;;;
10408.35;"CW";"FSK";"11PM";;"T1";;;;;;
10421.3;"USB";"STANAG";"12AM";;"T1";;;;;;
10429;"USB";"FSK";"9PM";;"T1";;;;;;
10543;"CW";"CW";"5PM";;"T1";;;;;;
10548;"CW";"FSK";"11PM";;"T1";;;;;;
10554;"USB";"FAX";"11PM";;"T1";;;;;;
10559.4;"USB";"STANAG";"11PM";;"T1";;;;;;
10584;"CW";"FSK";"11PM";;"T1";;;;;;
10595.3;"USB";"STANAG";"8AM";;"T1";;;;;;
10620.5;"USB";"STANAG";"5PM";;"T1";;;;;;
10632;"CW";"FSK";"11PM";;"T1";;;;;;
10712;"CW";"FSK";"5PM";;"T1";;;;;;
10829;"USB";"FSK";"9PM";;"T1";;;;;;
10872.2;"CWN";"F marker";"Vladivostok RUS, very weak, 11PM";;"T1";;;;;;
10894;"USB";"FSK";"11PM";;"T1";;;;;;
10919;"USB";"digital";"7AM";;"T1";;;;;;
10922.35;"CW";"FSK";"7AM";;"T1";;;;;;
10977;"USB";"STANAG 4197";"4-tone + burst, 12AM";;"T1";;;;;;
10990;"USB";"MS-188-110 16-tone";"with low-side pilot tone, 9PM";;"T1";;;;;;
11011.4;"USB";"CIS-12 RUS";"12AM";;"T1";;;;;;
11029;"USB";"FAX VMC AUS";"10PM";;"T1";;;;;;
11038;"USB";"FSK";"11PM";;"T1";;;;;;
11089;"USB";"FAX";"10PM";;"T1";;;;;;
11104;"CW";"FSK";"12AM";;"T1";;;;;;
11117;"USB";"STANAG 4197";"4-tone + burst, 12AM";;"T1";;;;;;
11120;"CW";"FSK";"2AM";;"T1";;;;;;
11146.5;"USB";"CIS-12 RUS";"signed out with CW id, 1030PM";;"T1";;;;;;
11158.25;"USB";"very strange digital";"burst, multi-carrier lead-in, 11PM";;"T1";;;;;;
11175.5;"USB";"FSK";"12AM";;"T1";;;;;;
11306;"USB";"HFDL";"Guam GS-16, 9PM";;"T1";;;;;;
11312;"USB";"HFDL";"HI USA GS-02, 9PM";;"T1";;;;;;
11318;"USB";"HFDL";"Bolivia GS-13, 5PM";;"T1";;;;;;
11444.3;"USB";"STANAG";"8AM";;"T1";;;;;;
11468;"CW";"FSK";"11PM";;"T1";;;;;;
11468.5;"USB";"FSK";"10PM";;"T1";;;;;;
11469.5;"USB";"FSK";"10PM";;"T1";;;;;;
11472;"USB";"STANAG 4529";"2AM";;"T1";;;;;;
11474.5;"USB";"FSK";"10PM";;"T1";;;;;;
11500;"USB";"FSK";"11PM";;"T1";;;;;;
11775;"AMN";"*";;;;;;;;;
11925;"AMN";"*";;;;;;;;;
11945;"AM";"R. Australia";;;"T1";;;;;;
12119;"USB";"FSK";"6PM";;"T1";;;;;;
12145;"USB";"FUJ New Caledonia";"STANAG 4285, 1PM";;"T1";;;;;;
12152;"CW";"CW";"11PM";;"T1";;;;;;
12164;"USB";"FSK";"10PM";;"T1";;;;;;
12198;"CW";"FSK";"11PM";;"T1";;;;;;
12256;"CW";"FSK";"1030PM";;"T1";;;;;;
12328;"CW";"CW";"1040PM";;"T1";;;;;;
12336;"USB";"FSK";"9PM";;"T1";;;;;;
12359.7;"USB";"8-chan FSK JPN";"11PM";;"T1";;;;;;
12362;"USB";"VMW AUS";"marine weather, 3AM";;"T1";;;;;;
12365;"USB";"VMC AUS";"marine weather, 10PM";;"T1";;;;;;
12370;"CW";"SITOR";"11PM";;"T1";;;;;;
12384.5;"USB";"8-chan FSK JPN";"11PM";;"T1";;;;;;
12409.4;"CW";"SITOR";"11PM";;"T1";;;;;;
12435;"USB";"STANAG 4197";"4-tone + burst, 11PM";;"T1";;;;;;
12455;"USB";"OTHR";"30 kHz wide, 11PM";;"T1";;;;;;
12456;"CW";"beeping";"1037PM";;"T1";;;;;;
12510.5;"CW";"SITOR";"11PM";;"T1";;;;;;
12519;"CW";"SITOR";"11PM";;"T1";;;;;;
12557;"CW";"SITOR";"2AM";;"T1";;;;;;
12577;"CW";"intermittent Sitor";"11PM";;"T1";;;;;;
12579;"CW";"FSK";"10PM";;"T1";;;;;;
12581;"USB";"XSV CHN";"10PM";;"T1";;;;;;
12581;"USB";"WLO USA";"10PM";;"T1";;;;;;
12583.2;"CW";"XSV CHN";"10PM";;"T1";;;;;;
12590;"CW";"FSK";"11PM";;"T1";;;;;;
12612;"USB";"XSQ CHN";"10PM";;"T1";;;;;;
12621.5;"CW";"SITOR";;;"T1";;;;;;
12622.4;"CW";"XSQ CHN";"10PM";;"T1";;;;;;
12629;"CW";"TAH TUR";"8PM";;"T1";;;;;;
12636.5;"USB";"XSG CHN";"10PM";;"T1";;;;;;
12647.5;"USB";"XSQ CHN";"10PM";;"T1";;;;;;
12654;"CW";"TAH TUR";"8PM";;"T1";;;;;;
12665;"USB";"FUG12 FRA";"STANAG 4285, 5PM";;"T1";;;;;;
12678.5;"USB";"VZX Pactor";"Sailmail AUS, 11PM";;"T1";;;;;;
12693.8;"USB";"STANAG";"10PM";;"T1";;;;;;
12700;"USB";"FSK";"6PM";;"T1";;;;;;
12701.5;"USB";"FSK";"11PM";;"T1";;;;;;
12705;"CW";"FSK";"11PM";;"T1";;;;;;
12707;"CW";"CW";"11PM";;"T1";;;;;;
12707.5;"CW";"SITOR";"10PM";;"T1";;;;;;
12724;"CW";"FSK";"9PM";;"T1";;;;;;
12724.3;"USB";"STANAG";"5PM";;"T1";;;;;;
12733.5;"USB";"CIS-12 RUS";"11PM";;"T1";;;;;;
12741;"USB";"FSK";"10PM";;"T1";;;;;;
12741.3;"USB";"STANAG";"12AM";;"T1";;;;;;
12744;"USB";"JJC FAX";"KYODO news FAX, Tokyo JPN, 11PM";;"T1";;;;;;
12759.8;"USB";"8-chan FSK JPN";"11PM";;"T1";;;;;;
12766.75;"USB";"STANAG";"8PM";;"T1";;;;;;
12777;"CW";"FSK";"11PM";;"T1";;;;;;
12785;"USB";"FAX NMC";"9PM";;"T1";;;;;;
12799.5;"CW";"SITOR";"10PM";;"T1";;;;;;
12804;"CW";"FSK";"11PM";;"T1";;;;;;
12810;"USB";"STANAG 4529";"9AM";;"T1";;;;;;
12813.4;"CW";"FSK";"9AM";;"T1";;;;;;
12839;"USB";"FSK";"10PM";;"T1";;;;;;
12843;"CW";"HLO KOR";;;"T1";;;;;;
12873.9;"USB";"STANAG";"12AM";;"T1";;;;;;
12916.5;"CW";"HLF KOR";;;"T1";;;;;;
12923;"CW";"HLW2 KOR";;;"T1";;;;;;
12924;"USB";"8-chan FSK JPN";"11PM";;"T1";;;;;;
12931;"USB";"STANAG";"9PM";;"T1";;;;;;
12935;"CW";"HLG KOR";;;"T1";;;;;;
12937.8;"USB";"STANAG";"7PM";;"T1";;;;;;
12942.1;"USB";"STANAG";"loud, 8AM";;"T1";;;;;;
12974;"USB";"MPX";"5PM";;"T1";;;;;;
12983;"USB";"STANAG";"5PM";;"T1";;;;;;
12997;"CW";"FSK";"1040PM";;"T1";;;;;;
13012;"CWN";"AQP2 PAK";"CW-ID, 12AM";;"T1";;;;;;
13019;"CW";"HEB CHE";"3AM";;"T1";;;;;;
13026;"CW";"SITOR";"11PM";;"T1";;;;;;
13035.3;"USB";"CIS-12 RUS";"10PM";;"T1";;;;;;
13042.3;"USB";"STANAG";"3AM";;"T1";;;;;;
13057.7;"USB";"STANAG";"3AM";;"T1";;;;;;
13067;"USB";"FSK";"9PM";;"T1";;;;;;
13073;"USB";"FAX";"9PM";;"T1";;;;;;
13107;"USB";"XSQ Radiotelephone";"Guangzhou Coast Radio CHN, 1AM";;"T1";;;;;;
13110;"USB";"VOLMET";"10PM";;"T1";;;;;;
13149;"USB";"XSQ Radiotelephone";"Guangzhou Coast Radio CHN, 10PM";;"T1";;;;;;
13154;"CW";"FSK";"10PM";;"T1";;;;;;
13182;"USB";"XSQ Radiotelephone";"Guangzhou Coast Radio CHN, 1AM";;"T1";;;;;;
13261;"USB";"MWARA SP";"Major World Air Route Areas, South Pacific";;"T1";;;;;;
13270;"USB";"VOLMET";"Gander / NYC, 10PM";;"T1";;;;;;
13270;"USB";"HFDL";"Thailand GS-06, 11PM";;"T1";;;;;;
13282;"USB";"VOLMET";"Auckland, Hong Kong, Honolulu, Tokyo, Beijing";;"T1";;;;;;
13300;"USB";"MWARA";"9PM";;"T1";;;;;;
13306;"USB";"MWARA";"9PM";;"T1";;;;;;
13312;"USB";"HFDL";"9PM";;"T1";;;;;;
13324;"USB";"HFDL";"10PM";;"T1";;;;;;
13351;"USB";"HFDL";"2PM";;"T1";;;;;;
13389;"USB";"FSK";"11PM";;"T1";;;;;;
13404;"CW";"SITOR tone";"continuous tone, 11PM";;"T1";;;;;;
13422;"CW";"FSK";"intermittent, 11PM";;"T1";;;;;;
13434;"USB";"FSK";"11PM";;"T1";;;;;;
13438;"USB";"STANAG 4529";"1PM";;"T1";;;;;;
13440;"USB";"FSK";"1PM";;"T1";;;;;;
13440.5;"USB";"STANAG";"11PM";;"T1";;;;;;
13489;"USB";"FSK";"11PM";;"T1";;;;;;
13491.5;"USB";"strange digital";"wide, different modes, intermittent, 11PM";;"T1";;;;;;
13522.3;"USB";"CIS-12 RUS";"10PM";;"T1";;;;;;
13527.7;"CWN";"D marker";"Sevastopol RUS, 2AM";;"T1";;;;;;
13528;"CWN";"C marker";"Moscow RUS, 1AM";;"T1";;;;;;
13528.2;"CWN";"F marker";"Vladivostok RUS, 8PM";;"T1";;;;;;
13528.4;"CWN";"M marker";"Magadan RUS, 10PM";;"T1";;;;;;
13561;"LSB";"RFID";"24/7";;"T1";;;;;;
13569;"USB";"FAX";"10PM";;"T1";;;;;;
13630;"AM";"R. Australia";;;"T1";;;;;;
13645;"AMN";"*";;;;;;;;;
13710;"AMN";"*";;;;;;;;;
13760;"AMN";"*";;;;;;;;;
13770;"AMN";"*";;;;;;;;;
13790;"AMN";"*";;;;;;;;;
13830;"AMN";"*";;;;;;;;;
13869;"USB";"FSK";"4PM";;"T1";;;;;;
13870;"AMN";"*";;;;;;;;;
13880.7;"LSB";"wide multi-tone modem";"hi-side pilot tone, 10PM";;"T1";;;;;;
13881;"USB";"DDK6 FAX";"GER, 10PM";;"T1";;;;;;
13919;"USB";"FAX VMC AUS";"12PM";;"T1";;;;;;
13945;"CW";"CW";"11PM";;"T1";;;;;;
13956;"CW";"CW";"1045PM";;"T1";;;;;;
13984;"USB";"alternating FSK tones";"have never seen FSK here, 11PM";;"T1";;;;;;
13987.5;"USB";"FAX";"10PM";;"T1";;;;;;
13989.3;"USB";"FSK";"also alt short/long tones, 10PM";;"T1";;;;;;
13993.8;"USB";"FSK";"also alt short/long tones, 10PM";;"T1";;;;;;
14070.15;"USB";"PSK31";;;"T2";;;;;;
14076;"USB";"JT65";;;"T2";;;;;;
14095.6;"USB";"WSPR";;;"T2";;;;;;
14100;"CW";"IBP";"NCDXF/IARU international beacon project";;;;;;;;
14300;"USB";"PACSEA net";"0300/0325Z daily";;"T1";;;;;;
14300.2;"USB";"OFDM30 CHN";"beeping idler, see iarums-r1.org, 12AM";;"T1";;;;;;
14373.5;"USB";"FSK";"7PM";;"T1";;;;;;
14406;"CW";"FSK";"10PM";;"T1";;;;;;
14411;"CW";"RDL FSK";"RUS, 10PM";;"T1";;;;;;
14432.8;"USB";"FSK";"11AM";;"T1";;;;;;
14466;"USB";"FSK";"5PM";;"T1";;;;;;
14484;"USB";"FSK";"9PM";;"T1";;;;;;
14502;"USB";"FSK";"10PM";;"T1";;;;;;
14507.3;"USB";"CIS-12 RUS";"7PM";;"T1";;;;;;
14518;"USB";"STANAG 4529";"BW < 1 kHz, 8PM";;"T1";;;;;;
14520;"USB";"FSK";"11PM";;"T1";;;;;;
14540;"USB";"PACTOR";"1AM";;"T1";;;;;;
14600;"USB";"STANAG";"8PM";;"T1";;;;;;
14646;"CW";"CW";"11PM";;"T1";;;;;;
14646.1;"USB";"CIS-12 RUS";"11PM";;"T1";;;;;;
14653.5;"USB";"FSK";"11PM";;"T1";;;;;;
14655;"CW";"FSK";"9PM";;"T1";;;;;;
14670;"USB";"CHU CAN";"time signal";;"T1";;;;;;
14705.3;"USB";"STANAG";"6PM";;"T1";;;;;;
14722.5;"USB";"STANAG";"9PM";;"T1";;;;;;
14760.25;"USB";"STANAG 4415?";"3PM";;"T1";;;;;;
14776.3;"USB";"WGY FEMA ALE";"1230AM";;"T1";;;;;;
14780;"CW";"FSK";"10PM";;"T1";;;;;;
14829;"USB";"FSK";"9PM";;"T1";;;;;;
14886;"USB";"FSK";"7PM";;"T1";;;;;;
14960;"CW";"FSK";"10PM";;"T1";;;;;;
14974;"CW";"FSK";"10PM";;"T1";;;;;;
14975;"USB";"FSK";"weak, 9PM";;"T1";;;;;;
14996;"CWN";"RWM RUS";"time signal, 8PM";;"T1";;;;;;
15000;"AM";"WWVH / WWV";"time signals";;"T1";;;;;;
15000;"AM";"BPM";"time signal";;"T1";;;;;;
15028.8;"USB";"wide multi-tone modem";"11PM";;"T1";;;;;;
15160;"AM";"R. Australia";;;"T1";;;;;;
15240;"AM";"R. Australia";;;"T1";;;;;;
15415;"AM";"R. Australia";;;"T1";;;;;;
15520;"CW";"FSK";"9PM";;"T1";;;;;;
15600;"USB";"FSK";"7PM";;"T1";;;;;;
15614;"USB";"VMW FAX";"AUS, 9PM";;"T1";;;;;;
15658;"CW";"FSK";"9PM";;"T1";;;;;;
15720;"AM";"R. New Zealand";;;"T1";;;;;;
15745;"USB";"DRM";"10AM, 4PM";;"T1";;;;;;
15768;"CW";"FSK";"11PM";;"T1";;;;;;
15856;"USB";"narrow digital";"5PM";;"T1";;;;;;
15859.4;"CW";"FSK";"5PM";;"T1";;;;;;
15869;"USB";"FSK";"12AM";;"T1";;;;;;
15938.5;"USB";"FSK";"7PM";;"T1";;;;;;
15958;"USB";"FSK";"4PM";;"T1";;;;;;
15986.5;"USB";"FSK";"11PM";;"T1";;;;;;
16001.8;"CW";"SITOR";"11PM";;"T1";;;;;;
16002.3;"USB";"CIS-12 RUS";"9PM";;"T1";;;;;;
16021.5;"USB";"SITOR?";"9PM";;"T1";;;;;;
16030.9;"CWN";"CW";"12AM";;"T1";;;;;;
16034;"USB";"FAX";"11PM";;"T1";;;;;;
16122;"USB";"FSK";"1AM";;"T1";;;;;;
16134;"USB";"FAX";"12PM";;"T1";;;;;;
16175;"USB";"FSK";"9PM";;"T1";;;;;;
16175.3;"USB";"6-tone FSK";"9PM";;"T1";;;;;;
16179;"USB";"FSK";"9PM";;"T1";;;;;;
16200;"USB";"FSK";"11PM";;"T1";;;;;;
16207;"CW";"FSK";"11PM";;"T1";;;;;;
16241;"USB";"freq hop";"9PM";;"T1";;;;;;
16332;"CWN";"C marker";"Moscow RUS, 10PM";;"T1";;;;;;
16342;"USB";"STANAG";"11PM";;"T1";;;;;;
16368;"CW";"GPS clock spur";;;"T2";;;;;;
16438;"USB";"STANAG";"4PM";;"T1";;;;;;
16473.5;"USB";"STANAG";"11PM";;"T1";;;;;;
16528;"USB";"VMW AUS";"marine weather, 11PM";;"T1";;;;;;
16546;"USB";"VMC AUS";"marine weather";;"T1";;;;;;
16626;"CW";"CW";"hand keying, 5PM";;"T1";;;;;;
16705;"CWN";"CW";"fast, 4PM";;"T1";;;;;;
16762;"CW";"SITOR";"9PM";;"T1";;;;;;
16789;"USB";"phone patch";"11PM";;"T1";;;;;;
16804.5;"CW";"FSK KHT";"intermittent, 4PM";;"T1";;;;;;
16805.5;"USB";"FAX NMC";"4PM";;"T1";;;;;;
16805.5;"CW";"sitor";"5PM";;"T1";;;;;;
16808;"CW";"FSK";"11PM";;"T1";;;;;;
16809.699;"CW";"XSV CHN";"10PM";;"T1";;;;;;
16854;"CW";"XSQ CHN";"10PM";;"T1";;;;;;
16880;"CW";"XSQ CHN";"1AM";;"T1";;;;;;
16898.5;"CW";"XSG CHN";"7PM";;"T1";;;;;;
16910;"CW";"HLJ KOR";"7PM";;"T1";;;;;;
16912;"CW";"FSK";"7PM";;"T1";;;;;;
16913.5;"USB";"STANAG";"6PM";;"T1";;;;;;
16927;"CW";"FSK";"11PM";;"T1";;;;;;
16941.4;"USB";"CIS-12 RUS";"4PM";;"T1";;;;;;
16958;"USB";"FUJ New Caledonia";"STANAG 4285, 6PM";;"T1";;;;;;
16966.4;"USB";"STANAG";"9PM";;"T1";;;;;;
16967;"USB";"FSK";"8PM";;"T1";;;;;;
16970;"USB";"JJC FAX";"KYODO news FAX, Tokyo JPN, 9PM";;"T1";;;;;;
16976.801;"CWN";"JFM CW";"JPN, 7PM";;"T1";;;;;;
16983.85;"CW";"FSK";"weak, 9PM";;"T1";;;;;;
16990;"CW";"HLO KOR";"7PM";;"T1";;;;;;
17000;"USB";"STANAG 4529";"BW < 1 kHz, 8PM";;"T1";;;;;;
17002;"USB";"FSK";"7PM";;"T1";;;;;;
17058.699;"USB";"MS-188-110";"8PM";;"T1";;;;;;
17063.699;"USB";"STANAG";"9PM";;"T1";;;;;;
17068.5;"USB";"JJC FAX";"KYODO news FAX, Tokyo JPN, 9PM";;"T1";;;;;;
17070.4;"USB";"STANAG";"9PM";;"T1";;;;;;
17097.9;"USB";"STANAG";"4PM";;"T1";;;;;;
17121.4;"USB";"STANAG";"9PM";;"T1";;;;;;
17130;"CW";"HLW KOR";"7PM";;"T1";;;;;;
17136;"USB";"STANAG";"9PM";;"T1";;;;;;
17150;"USB";"FAX NMC";"3PM";;"T1";;;;;;
17207.5;"CW";"HEB CHE";"9PM";;"T1";;;;;;
17215;"USB";"FSK";"9PM";;"T1";;;;;;
17217.4;"USB";"STANAG";"9PM";;"T1";;;;;;
17229;"USB";"STANAG";"5PM";;"T1";;;;;;
17238;"USB";"STANAG";"9PM";;"T1";;;;;;
17430;"USB";"9VF FAX";"Kyodo news, Singapore, 11PM";;"T1";;;;;;
17750;"AM";"R. Australia";;;"T1";;;;;;
17795;"AM";"R. Australia";;;"T1";;;;;;
17840;"AM";"R. Australia";;;"T1";;;;;;
17860;"AM";"R. Australia";;;"T1";;;;;;
17904;"USB";"MWARA";"SF, USA, 5PM";;"T1";;;;;;
17916;"USB";"HFDL";"5PM";;"T1";;;;;;
17919;"USB";"HFDL";"9PM";;"T1";;;;;;
18100.15;"USB";"PSK31";;;"T2";;;;;;
18104.6;"USB";"WSPR";;;"T2";;;;;;
18110;"CW";"IBP";"NCDXF/IARU international beacon project";;;;;;;;
18365.301;"USB";"STANAG";"3PM";;"T1";;;;;;
18598.699;"USB";"STANAG 4285 AUS";"6PM";;"T1";;;;;;
19000;"AM";"R. Australia";;;"T1";;;;;;
19739.5;"USB";"STANAG";"4PM";;"T1";;;;;;
19743;"USB";"STANAG";"4PM";;"T1";;;;;;
20000;"AM";"WWV";"time signal";;"T1";;;;;;
20048.4;"CWN";"marker beacons";"watchlist";;"T1";;;;;;
20468;"USB";"FAX VMC AUS";"11AM";;"T1";;;;;;
21076;"USB";"JT65";;;"T2";;;;;;
21094.6;"USB";"WSPR";;;"T2";;;;;;
21150;"CW";"IBP";"NCDXF/IARU international beacon project";;;;;;;;
21928;"USB";"HFDL";"3PM";;"T1";;;;;;
22251;"CW";"CW";"3PM";;"T1";;;;;;
22375;"USB";"FSK NRV";"USCG Guam, 3PM";;"T1";;;;;;
22461.4;"USB";"FUJ New Caledonia";"STANAG 4285, 2PM";;"T1";;;;;;
22525;"USB";"FAX NMC";"3PM";;"T1";;;;;;
24930;"CW";"IBP";"NCDXF/IARU international beacon project";;;;;;;;
28200;"CW";"IBP";"NCDXF/IARU international beacon project";;;;;;;;
